old_id,new_layer,new_id,title
0,K,K001,仓库初始化与README Quickstart
1,K,K002,目录与命名规范
2,K,K010,SCHEMA/Manifest 契约与签名
3,K,K001,迁移自旧卡片 3
4,K,K002,迁移自旧卡片 4
5,K,K003,迁移自旧卡片 5
6,K,K004,迁移自旧卡片 6
7,K,K005,迁移自旧卡片 7
8,K,K006,迁移自旧卡片 8
9,K,K007,迁移自旧卡片 9
10,K,K008,迁移自旧卡片 10
11,K,K009,迁移自旧卡片 11
12,K,K010,迁移自旧卡片 12
13,K,K011,迁移自旧卡片 13
14,K,K012,迁移自旧卡片 14
15,K,K013,迁移自旧卡片 15
16,K,K014,迁移自旧卡片 16
17,K,K015,迁移自旧卡片 17
18,K,K016,迁移自旧卡片 18
19,K,K017,迁移自旧卡片 19
20,K,K018,迁移自旧卡片 20
21,K,K019,迁移自旧卡片 21
22,K,K020,迁移自旧卡片 22
23,K,K021,迁移自旧卡片 23
24,K,K022,迁移自旧卡片 24
25,K,K023,迁移自旧卡片 25
26,K,K024,迁移自旧卡片 26
27,K,K025,迁移自旧卡片 27
28,K,K026,迁移自旧卡片 28
29,K,K027,迁移自旧卡片 29
30,K,K028,迁移自旧卡片 30
31,K,K029,迁移自旧卡片 31
32,K,K030,迁移自旧卡片 32
33,K,K031,迁移自旧卡片 33
34,K,K032,迁移自旧卡片 34
35,K,K033,迁移自旧卡片 35
36,K,K034,迁移自旧卡片 36
37,K,K035,迁移自旧卡片 37
38,K,K036,迁移自旧卡片 38
39,K,K037,迁移自旧卡片 39
40,K,K038,迁移自旧卡片 40
41,K,K039,迁移自旧卡片 41
42,K,K040,迁移自旧卡片 42
43,K,K041,迁移自旧卡片 43
44,K,K042,迁移自旧卡片 44
45,K,K043,迁移自旧卡片 45
46,K,K044,迁移自旧卡片 46
47,K,K045,迁移自旧卡片 47
48,K,K046,迁移自旧卡片 48
49,K,K047,迁移自旧卡片 49
100,D,D001,迁移自旧卡片 100
101,D,D101,ATAS 指标导出 DLL
102,D,D102,ATAS 回放配置与导出流水
103,D,D002,迁移自旧卡片 103
104,D,D003,迁移自旧卡片 104
105,D,D004,迁移自旧卡片 105
106,D,D005,迁移自旧卡片 106
107,D,D107,ATAS Bar 连续性/缺口自检
108,D,D108,ATAS Tick 质量评估
109,D,D109,分层分区 raw→staged→processed
110,D,D110,manifest & watermark
111,D,D111,ATAS Bar 聚合
112,D,D112,ATAS 真 Tick 连续抓取
113,D,D113,Binance OHLCV + aggTrades
114,D,D006,迁移自旧卡片 114
115,D,D115,对齐索引 alignment_index
116,D,D116,minute↔tick 映射与分布校准
117,M,M117,状态置信度/驻留分布校准
118,E,E118,成本鲁棒与成交可达性预检
119,D,D007,迁移自旧卡片 119
120,D,D008,迁移自旧卡片 120
121,D,D009,迁移自旧卡片 121
122,D,D010,迁移自旧卡片 122
123,D,D011,迁移自旧卡片 123
124,D,D012,迁移自旧卡片 124
125,D,D013,迁移自旧卡片 125
126,D,D014,迁移自旧卡片 126
127,D,D015,迁移自旧卡片 127
128,D,D016,迁移自旧卡片 128
129,D,D017,迁移自旧卡片 129
130,D,D018,迁移自旧卡片 130
131,D,D019,迁移自旧卡片 131
132,D,D020,迁移自旧卡片 132
133,D,D021,迁移自旧卡片 133
134,D,D022,迁移自旧卡片 134
135,D,D023,迁移自旧卡片 135
136,D,D024,迁移自旧卡片 136
137,D,D025,迁移自旧卡片 137
138,D,D026,迁移自旧卡片 138
139,D,D027,迁移自旧卡片 139
140,D,D028,迁移自旧卡片 140
141,D,D029,迁移自旧卡片 141
142,D,D030,迁移自旧卡片 142
143,D,D031,迁移自旧卡片 143
144,D,D032,迁移自旧卡片 144
145,D,D033,迁移自旧卡片 145
146,D,D034,迁移自旧卡片 146
147,D,D035,迁移自旧卡片 147
148,D,D036,迁移自旧卡片 148
149,D,D037,迁移自旧卡片 149
150,D,D038,迁移自旧卡片 150
151,D,D039,迁移自旧卡片 151
152,D,D040,迁移自旧卡片 152
153,D,D041,迁移自旧卡片 153
154,D,D042,迁移自旧卡片 154
155,D,D043,迁移自旧卡片 155
156,D,D044,迁移自旧卡片 156
157,D,D045,迁移自旧卡片 157
158,D,D046,迁移自旧卡片 158
159,D,D047,迁移自旧卡片 159
160,D,D048,迁移自旧卡片 160
161,D,D049,迁移自旧卡片 161
162,D,D050,迁移自旧卡片 162
163,D,D051,迁移自旧卡片 163
164,D,D052,迁移自旧卡片 164
165,D,D053,迁移自旧卡片 165
166,D,D054,迁移自旧卡片 166
167,D,D055,迁移自旧卡片 167
168,D,D056,迁移自旧卡片 168
169,D,D057,迁移自旧卡片 169
170,D,D058,迁移自旧卡片 170
171,D,D059,迁移自旧卡片 171
172,D,D060,迁移自旧卡片 172
173,D,D061,迁移自旧卡片 173
174,D,D062,迁移自旧卡片 174
175,D,D063,迁移自旧卡片 175
176,D,D064,迁移自旧卡片 176
177,D,D065,迁移自旧卡片 177
178,D,D066,迁移自旧卡片 178
179,D,D067,迁移自旧卡片 179
180,D,D068,迁移自旧卡片 180
181,D,D069,迁移自旧卡片 181
182,D,D070,迁移自旧卡片 182
183,D,D071,迁移自旧卡片 183
184,D,D072,迁移自旧卡片 184
185,D,D073,迁移自旧卡片 185
186,D,D074,迁移自旧卡片 186
187,D,D075,迁移自旧卡片 187
188,D,D076,迁移自旧卡片 188
189,D,D077,迁移自旧卡片 189
190,D,D078,迁移自旧卡片 190
191,D,D079,迁移自旧卡片 191
192,D,D080,迁移自旧卡片 192
193,D,D081,迁移自旧卡片 193
194,D,D082,迁移自旧卡片 194
195,D,D083,迁移自旧卡片 195
196,D,D084,迁移自旧卡片 196
197,D,D085,迁移自旧卡片 197
198,D,D086,迁移自旧卡片 198
199,D,D087,迁移自旧卡片 199
200,M,M001,迁移自旧卡片 200
201,M,M002,迁移自旧卡片 201
202,M,M003,迁移自旧卡片 202
203,M,M004,迁移自旧卡片 203
204,M,M005,迁移自旧卡片 204
205,M,M205,MSI/MFI/KLI 指标族与签名
206,M,M006,迁移自旧卡片 206
207,M,M007,迁移自旧卡片 207
208,M,M008,迁移自旧卡片 208
209,M,M009,迁移自旧卡片 209
210,M,M010,迁移自旧卡片 210
211,M,M011,迁移自旧卡片 211
212,M,M012,迁移自旧卡片 212
213,M,M013,迁移自旧卡片 213
214,M,M014,迁移自旧卡片 214
215,M,M015,迁移自旧卡片 215
216,M,M016,迁移自旧卡片 216
217,M,M017,迁移自旧卡片 217
218,M,M018,迁移自旧卡片 218
219,M,M019,迁移自旧卡片 219
220,M,M020,迁移自旧卡片 220
221,M,M021,迁移自旧卡片 221
222,M,M022,迁移自旧卡片 222
223,M,M023,迁移自旧卡片 223
224,M,M024,迁移自旧卡片 224
225,M,M025,迁移自旧卡片 225
226,M,M026,迁移自旧卡片 226
227,M,M027,迁移自旧卡片 227
228,M,M028,迁移自旧卡片 228
229,M,M029,迁移自旧卡片 229
230,M,M030,迁移自旧卡片 230
231,M,M031,迁移自旧卡片 231
232,M,M032,迁移自旧卡片 232
233,M,M033,迁移自旧卡片 233
234,M,M034,迁移自旧卡片 234
235,M,M035,迁移自旧卡片 235
236,M,M036,迁移自旧卡片 236
237,M,M037,迁移自旧卡片 237
238,M,M038,迁移自旧卡片 238
239,M,M039,迁移自旧卡片 239
240,M,M040,迁移自旧卡片 240
241,M,M041,迁移自旧卡片 241
242,M,M042,迁移自旧卡片 242
243,M,M043,迁移自旧卡片 243
244,M,M044,迁移自旧卡片 244
245,M,M045,迁移自旧卡片 245
246,M,M046,迁移自旧卡片 246
247,M,M047,迁移自旧卡片 247
248,M,M048,迁移自旧卡片 248
249,M,M049,迁移自旧卡片 249
250,M,M050,迁移自旧卡片 250
251,M,M051,迁移自旧卡片 251
252,M,M052,迁移自旧卡片 252
253,M,M053,迁移自旧卡片 253
254,M,M054,迁移自旧卡片 254
255,M,M055,迁移自旧卡片 255
256,M,M056,迁移自旧卡片 256
257,M,M057,迁移自旧卡片 257
258,M,M058,迁移自旧卡片 258
259,M,M059,迁移自旧卡片 259
260,M,M060,迁移自旧卡片 260
261,M,M061,迁移自旧卡片 261
262,M,M062,迁移自旧卡片 262
263,M,M063,迁移自旧卡片 263
264,M,M064,迁移自旧卡片 264
265,M,M065,迁移自旧卡片 265
266,M,M066,迁移自旧卡片 266
267,M,M067,迁移自旧卡片 267
268,M,M068,迁移自旧卡片 268
269,M,M069,迁移自旧卡片 269
270,M,M070,迁移自旧卡片 270
271,M,M071,迁移自旧卡片 271
272,M,M072,迁移自旧卡片 272
273,M,M073,迁移自旧卡片 273
274,M,M074,迁移自旧卡片 274
275,M,M075,迁移自旧卡片 275
276,M,M076,迁移自旧卡片 276
277,M,M077,迁移自旧卡片 277
278,M,M078,迁移自旧卡片 278
279,M,M079,迁移自旧卡片 279
280,M,M080,迁移自旧卡片 280
281,M,M081,迁移自旧卡片 281
282,M,M082,迁移自旧卡片 282
283,M,M083,迁移自旧卡片 283
284,M,M084,迁移自旧卡片 284
285,M,M085,迁移自旧卡片 285
286,M,M086,迁移自旧卡片 286
287,M,M087,迁移自旧卡片 287
288,M,M088,迁移自旧卡片 288
289,M,M089,迁移自旧卡片 289
290,M,M090,迁移自旧卡片 290
291,M,M091,迁移自旧卡片 291
292,M,M092,迁移自旧卡片 292
293,M,M093,迁移自旧卡片 293
294,M,M094,迁移自旧卡片 294
295,M,M095,迁移自旧卡片 295
296,M,M096,迁移自旧卡片 296
297,M,M097,迁移自旧卡片 297
298,M,M098,迁移自旧卡片 298
299,M,M099,迁移自旧卡片 299
300,M,M100,迁移自旧卡片 300
301,M,M101,迁移自旧卡片 301
302,M,M102,迁移自旧卡片 302
303,M,M103,迁移自旧卡片 303
304,M,M104,迁移自旧卡片 304
305,M,M305,HMM/TVTP 训练与推断
306,M,M105,迁移自旧卡片 306
307,M,M106,迁移自旧卡片 307
308,M,M107,迁移自旧卡片 308
309,M,M108,迁移自旧卡片 309
310,M,M109,迁移自旧卡片 310
311,M,M110,迁移自旧卡片 311
312,M,M111,迁移自旧卡片 312
313,M,M112,迁移自旧卡片 313
314,M,M113,迁移自旧卡片 314
315,M,M114,迁移自旧卡片 315
316,M,M115,迁移自旧卡片 316
317,M,M116,迁移自旧卡片 317
318,M,M117,迁移自旧卡片 318
319,M,M118,迁移自旧卡片 319
320,M,M119,迁移自旧卡片 320
321,M,M120,迁移自旧卡片 321
322,M,M121,迁移自旧卡片 322
323,M,M122,迁移自旧卡片 323
324,M,M123,迁移自旧卡片 324
325,M,M124,迁移自旧卡片 325
326,M,M125,迁移自旧卡片 326
327,M,M126,迁移自旧卡片 327
328,M,M127,迁移自旧卡片 328
329,M,M128,迁移自旧卡片 329
330,M,M129,迁移自旧卡片 330
331,M,M130,迁移自旧卡片 331
332,M,M131,迁移自旧卡片 332
333,M,M132,迁移自旧卡片 333
334,M,M133,迁移自旧卡片 334
335,M,M134,迁移自旧卡片 335
336,M,M135,迁移自旧卡片 336
337,M,M136,迁移自旧卡片 337
338,M,M137,迁移自旧卡片 338
339,M,M138,迁移自旧卡片 339
340,M,M139,迁移自旧卡片 340
341,M,M140,迁移自旧卡片 341
342,M,M141,迁移自旧卡片 342
343,M,M142,迁移自旧卡片 343
344,M,M143,迁移自旧卡片 344
345,M,M144,迁移自旧卡片 345
346,M,M145,迁移自旧卡片 346
347,M,M146,迁移自旧卡片 347
348,M,M147,迁移自旧卡片 348
349,M,M148,迁移自旧卡片 349
350,M,M149,迁移自旧卡片 350
351,M,M150,迁移自旧卡片 351
352,M,M151,迁移自旧卡片 352
353,M,M152,迁移自旧卡片 353
354,M,M153,迁移自旧卡片 354
355,M,M154,迁移自旧卡片 355
356,M,M155,迁移自旧卡片 356
357,M,M156,迁移自旧卡片 357
358,M,M157,迁移自旧卡片 358
359,M,M158,迁移自旧卡片 359
360,M,M159,迁移自旧卡片 360
361,M,M160,迁移自旧卡片 361
362,M,M161,迁移自旧卡片 362
363,M,M162,迁移自旧卡片 363
364,M,M163,迁移自旧卡片 364
365,M,M164,迁移自旧卡片 365
366,M,M165,迁移自旧卡片 366
367,M,M166,迁移自旧卡片 367
368,M,M167,迁移自旧卡片 368
369,M,M168,迁移自旧卡片 369
370,M,M169,迁移自旧卡片 370
371,M,M170,迁移自旧卡片 371
372,M,M171,迁移自旧卡片 372
373,M,M172,迁移自旧卡片 373
374,M,M173,迁移自旧卡片 374
375,M,M174,迁移自旧卡片 375
376,M,M175,迁移自旧卡片 376
377,M,M176,迁移自旧卡片 377
378,M,M177,迁移自旧卡片 378
379,M,M178,迁移自旧卡片 379
380,M,M179,迁移自旧卡片 380
381,M,M180,迁移自旧卡片 381
382,M,M181,迁移自旧卡片 382
383,M,M182,迁移自旧卡片 383
384,M,M183,迁移自旧卡片 384
385,M,M184,迁移自旧卡片 385
386,M,M185,迁移自旧卡片 386
387,M,M186,迁移自旧卡片 387
388,M,M187,迁移自旧卡片 388
389,M,M188,迁移自旧卡片 389
390,M,M189,迁移自旧卡片 390
391,M,M190,迁移自旧卡片 391
392,M,M191,迁移自旧卡片 392
393,M,M192,迁移自旧卡片 393
394,M,M193,迁移自旧卡片 394
395,M,M194,迁移自旧卡片 395
396,M,M195,迁移自旧卡片 396
397,M,M196,迁移自旧卡片 397
398,M,M197,迁移自旧卡片 398
399,M,M198,迁移自旧卡片 399
400,QA,QA400,迁移自旧卡片 400
401,QA,QA401,迁移自旧卡片 401
402,QA,QA402,迁移自旧卡片 402
403,QA,QA403,迁移自旧卡片 403
404,QA,QA404,迁移自旧卡片 404
405,QA,QA405,迁移自旧卡片 405
406,QA,QA406,迁移自旧卡片 406
407,QA,QA407,迁移自旧卡片 407
408,QA,QA408,迁移自旧卡片 408
409,QA,QA409,迁移自旧卡片 409
410,QA,QA410,迁移自旧卡片 410
411,QA,QA411,迁移自旧卡片 411
412,QA,QA412,迁移自旧卡片 412
413,QA,QA413,迁移自旧卡片 413
414,QA,QA414,迁移自旧卡片 414
415,QA,QA415,迁移自旧卡片 415
416,QA,QA416,迁移自旧卡片 416
417,QA,QA417,迁移自旧卡片 417
418,QA,QA418,迁移自旧卡片 418
419,QA,QA419,迁移自旧卡片 419
420,QA,QA420,迁移自旧卡片 420
421,QA,QA421,迁移自旧卡片 421
422,QA,QA422,迁移自旧卡片 422
423,QA,QA423,迁移自旧卡片 423
424,QA,QA424,迁移自旧卡片 424
425,QA,QA425,迁移自旧卡片 425
426,QA,QA426,迁移自旧卡片 426
427,QA,QA427,迁移自旧卡片 427
428,QA,QA428,迁移自旧卡片 428
429,QA,QA429,迁移自旧卡片 429
430,QA,QA430,迁移自旧卡片 430
431,QA,QA431,迁移自旧卡片 431
432,QA,QA432,迁移自旧卡片 432
433,QA,QA433,迁移自旧卡片 433
434,QA,QA434,迁移自旧卡片 434
435,QA,QA435,迁移自旧卡片 435
436,QA,QA436,迁移自旧卡片 436
437,QA,QA437,迁移自旧卡片 437
438,QA,QA438,迁移自旧卡片 438
439,QA,QA439,迁移自旧卡片 439
440,QA,QA440,迁移自旧卡片 440
441,QA,QA441,迁移自旧卡片 441
442,QA,QA442,迁移自旧卡片 442
443,QA,QA443,迁移自旧卡片 443
444,QA,QA444,迁移自旧卡片 444
445,QA,QA445,迁移自旧卡片 445
446,QA,QA446,迁移自旧卡片 446
447,QA,QA447,迁移自旧卡片 447
448,QA,QA448,迁移自旧卡片 448
449,QA,QA449,迁移自旧卡片 449
450,QA,QA450,迁移自旧卡片 450
451,QA,QA451,迁移自旧卡片 451
452,QA,QA452,迁移自旧卡片 452
453,QA,QA453,迁移自旧卡片 453
454,QA,QA454,迁移自旧卡片 454
455,QA,QA455,迁移自旧卡片 455
456,QA,QA456,迁移自旧卡片 456
457,QA,QA457,迁移自旧卡片 457
458,QA,QA458,迁移自旧卡片 458
459,QA,QA459,迁移自旧卡片 459
460,QA,QA460,迁移自旧卡片 460
461,QA,QA461,迁移自旧卡片 461
462,QA,QA462,迁移自旧卡片 462
463,QA,QA463,迁移自旧卡片 463
464,QA,QA464,迁移自旧卡片 464
465,QA,QA465,迁移自旧卡片 465
466,QA,QA466,迁移自旧卡片 466
467,QA,QA467,迁移自旧卡片 467
468,QA,QA468,迁移自旧卡片 468
469,QA,QA469,迁移自旧卡片 469
470,QA,QA470,迁移自旧卡片 470
471,QA,QA471,迁移自旧卡片 471
472,QA,QA472,迁移自旧卡片 472
473,QA,QA473,迁移自旧卡片 473
474,QA,QA474,迁移自旧卡片 474
475,QA,QA475,迁移自旧卡片 475
476,QA,QA476,迁移自旧卡片 476
477,QA,QA477,迁移自旧卡片 477
478,QA,QA478,迁移自旧卡片 478
479,QA,QA479,迁移自旧卡片 479
480,QA,QA480,迁移自旧卡片 480
481,QA,QA481,迁移自旧卡片 481
482,QA,QA482,迁移自旧卡片 482
483,QA,QA483,迁移自旧卡片 483
484,QA,QA484,迁移自旧卡片 484
485,QA,QA485,迁移自旧卡片 485
486,QA,QA486,迁移自旧卡片 486
487,QA,QA487,迁移自旧卡片 487
488,QA,QA488,迁移自旧卡片 488
489,QA,QA489,迁移自旧卡片 489
490,QA,QA490,迁移自旧卡片 490
491,QA,QA491,迁移自旧卡片 491
492,QA,QA492,迁移自旧卡片 492
493,QA,QA493,迁移自旧卡片 493
494,QA,QA494,迁移自旧卡片 494
495,QA,QA495,迁移自旧卡片 495
496,QA,QA496,迁移自旧卡片 496
497,QA,QA497,迁移自旧卡片 497
498,QA,QA498,迁移自旧卡片 498
499,QA,QA499,迁移自旧卡片 499
500,J,J001,迁移自旧卡片 500
501,J,J002,迁移自旧卡片 501
502,J,J003,迁移自旧卡片 502
503,J,J004,迁移自旧卡片 503
504,J,J005,迁移自旧卡片 504
505,J,J505,规则互斥/一致性测试
506,J,J006,迁移自旧卡片 506
507,J,J007,迁移自旧卡片 507
508,J,J008,迁移自旧卡片 508
509,J,J009,迁移自旧卡片 509
510,J,J010,迁移自旧卡片 510
511,J,J011,迁移自旧卡片 511
512,J,J012,迁移自旧卡片 512
513,J,J013,迁移自旧卡片 513
514,J,J014,迁移自旧卡片 514
515,J,J015,迁移自旧卡片 515
516,J,J016,迁移自旧卡片 516
517,J,J017,迁移自旧卡片 517
518,J,J018,迁移自旧卡片 518
519,J,J019,迁移自旧卡片 519
520,J,J020,迁移自旧卡片 520
521,J,J021,迁移自旧卡片 521
522,J,J022,迁移自旧卡片 522
523,J,J023,迁移自旧卡片 523
524,J,J024,迁移自旧卡片 524
525,J,J025,迁移自旧卡片 525
526,J,J026,迁移自旧卡片 526
527,J,J027,迁移自旧卡片 527
528,J,J028,迁移自旧卡片 528
529,J,J029,迁移自旧卡片 529
530,J,J030,迁移自旧卡片 530
531,J,J031,迁移自旧卡片 531
532,J,J032,迁移自旧卡片 532
533,J,J033,迁移自旧卡片 533
534,J,J034,迁移自旧卡片 534
535,J,J035,迁移自旧卡片 535
536,J,J036,迁移自旧卡片 536
537,J,J037,迁移自旧卡片 537
538,J,J038,迁移自旧卡片 538
539,J,J039,迁移自旧卡片 539
540,J,J040,迁移自旧卡片 540
541,J,J041,迁移自旧卡片 541
542,J,J042,迁移自旧卡片 542
543,J,J043,迁移自旧卡片 543
544,J,J044,迁移自旧卡片 544
545,J,J045,迁移自旧卡片 545
546,J,J046,迁移自旧卡片 546
547,J,J047,迁移自旧卡片 547
548,J,J048,迁移自旧卡片 548
549,J,J049,迁移自旧卡片 549
550,J,J050,迁移自旧卡片 550
551,J,J051,迁移自旧卡片 551
552,J,J052,迁移自旧卡片 552
553,J,J053,迁移自旧卡片 553
554,J,J054,迁移自旧卡片 554
555,J,J055,迁移自旧卡片 555
556,J,J056,迁移自旧卡片 556
557,J,J057,迁移自旧卡片 557
558,J,J058,迁移自旧卡片 558
559,J,J059,迁移自旧卡片 559
560,J,J060,迁移自旧卡片 560
561,J,J061,迁移自旧卡片 561
562,J,J062,迁移自旧卡片 562
563,J,J063,迁移自旧卡片 563
564,J,J064,迁移自旧卡片 564
565,J,J065,迁移自旧卡片 565
566,J,J066,迁移自旧卡片 566
567,J,J067,迁移自旧卡片 567
568,J,J068,迁移自旧卡片 568
569,J,J069,迁移自旧卡片 569
570,J,J070,迁移自旧卡片 570
571,J,J071,迁移自旧卡片 571
572,J,J072,迁移自旧卡片 572
573,J,J073,迁移自旧卡片 573
574,J,J074,迁移自旧卡片 574
575,J,J075,迁移自旧卡片 575
576,J,J076,迁移自旧卡片 576
577,J,J077,迁移自旧卡片 577
578,J,J078,迁移自旧卡片 578
579,J,J079,迁移自旧卡片 579
580,J,J080,迁移自旧卡片 580
581,J,J081,迁移自旧卡片 581
582,J,J082,迁移自旧卡片 582
583,J,J083,迁移自旧卡片 583
584,J,J084,迁移自旧卡片 584
585,J,J085,迁移自旧卡片 585
586,J,J086,迁移自旧卡片 586
587,J,J087,迁移自旧卡片 587
588,J,J088,迁移自旧卡片 588
589,J,J089,迁移自旧卡片 589
590,J,J090,迁移自旧卡片 590
591,J,J091,迁移自旧卡片 591
592,J,J092,迁移自旧卡片 592
593,J,J093,迁移自旧卡片 593
594,J,J094,迁移自旧卡片 594
595,J,J095,迁移自旧卡片 595
596,J,J096,迁移自旧卡片 596
597,J,J097,迁移自旧卡片 597
598,J,J098,迁移自旧卡片 598
599,J,J099,迁移自旧卡片 599
600,J,J100,迁移自旧卡片 600
601,J,J601,解析/评分/冲突/决策日志
602,J,J101,迁移自旧卡片 602
603,J,J102,迁移自旧卡片 603
604,J,J103,迁移自旧卡片 604
605,J,J104,迁移自旧卡片 605
606,J,J105,迁移自旧卡片 606
607,E,E607,AB 双源热切换与回滚
608,J,J106,迁移自旧卡片 608
609,J,J107,迁移自旧卡片 609
610,J,J108,迁移自旧卡片 610
611,J,J109,迁移自旧卡片 611
612,J,J110,迁移自旧卡片 612
613,J,J111,迁移自旧卡片 613
614,J,J112,迁移自旧卡片 614
615,J,J113,迁移自旧卡片 615
616,J,J114,迁移自旧卡片 616
617,J,J115,迁移自旧卡片 617
618,J,J116,迁移自旧卡片 618
619,J,J117,迁移自旧卡片 619
620,J,J118,迁移自旧卡片 620
621,J,J119,迁移自旧卡片 621
622,J,J120,迁移自旧卡片 622
623,J,J121,迁移自旧卡片 623
624,J,J122,迁移自旧卡片 624
625,J,J123,迁移自旧卡片 625
626,J,J124,迁移自旧卡片 626
627,J,J125,迁移自旧卡片 627
628,J,J126,迁移自旧卡片 628
629,J,J127,迁移自旧卡片 629
630,J,J128,迁移自旧卡片 630
631,J,J129,迁移自旧卡片 631
632,J,J130,迁移自旧卡片 632
633,J,J131,迁移自旧卡片 633
634,J,J132,迁移自旧卡片 634
635,J,J133,迁移自旧卡片 635
636,J,J134,迁移自旧卡片 636
637,J,J135,迁移自旧卡片 637
638,J,J136,迁移自旧卡片 638
639,J,J137,迁移自旧卡片 639
640,J,J138,迁移自旧卡片 640
641,J,J139,迁移自旧卡片 641
642,J,J140,迁移自旧卡片 642
643,J,J141,迁移自旧卡片 643
644,J,J142,迁移自旧卡片 644
645,J,J143,迁移自旧卡片 645
646,J,J144,迁移自旧卡片 646
647,J,J145,迁移自旧卡片 647
648,J,J146,迁移自旧卡片 648
649,J,J147,迁移自旧卡片 649
650,E,E001,迁移自旧卡片 650
651,E,E002,迁移自旧卡片 651
652,E,E003,迁移自旧卡片 652
653,E,E004,迁移自旧卡片 653
654,E,E005,迁移自旧卡片 654
655,E,E006,迁移自旧卡片 655
656,E,E007,迁移自旧卡片 656
657,E,E008,迁移自旧卡片 657
658,E,E009,迁移自旧卡片 658
659,E,E010,迁移自旧卡片 659
660,E,E011,迁移自旧卡片 660
661,E,E012,迁移自旧卡片 661
662,E,E013,迁移自旧卡片 662
663,E,E014,迁移自旧卡片 663
664,E,E015,迁移自旧卡片 664
665,E,E016,迁移自旧卡片 665
666,E,E017,迁移自旧卡片 666
667,E,E018,迁移自旧卡片 667
668,E,E019,迁移自旧卡片 668
669,E,E020,迁移自旧卡片 669
670,E,E021,迁移自旧卡片 670
671,E,E022,迁移自旧卡片 671
672,E,E023,迁移自旧卡片 672
673,E,E024,迁移自旧卡片 673
674,E,E025,迁移自旧卡片 674
675,E,E026,迁移自旧卡片 675
676,E,E027,迁移自旧卡片 676
677,E,E028,迁移自旧卡片 677
678,E,E029,迁移自旧卡片 678
679,E,E030,迁移自旧卡片 679
680,E,E031,迁移自旧卡片 680
681,E,E032,迁移自旧卡片 681
682,E,E033,迁移自旧卡片 682
683,E,E034,迁移自旧卡片 683
684,E,E035,迁移自旧卡片 684
685,E,E036,迁移自旧卡片 685
686,E,E037,迁移自旧卡片 686
687,E,E038,迁移自旧卡片 687
688,E,E039,迁移自旧卡片 688
689,E,E040,迁移自旧卡片 689
690,E,E041,迁移自旧卡片 690
691,E,E042,迁移自旧卡片 691
692,E,E043,迁移自旧卡片 692
693,E,E044,迁移自旧卡片 693
694,E,E045,迁移自旧卡片 694
695,E,E046,迁移自旧卡片 695
696,E,E047,迁移自旧卡片 696
697,E,E048,迁移自旧卡片 697
698,E,E049,迁移自旧卡片 698
699,E,E050,迁移自旧卡片 699
700,E,E051,迁移自旧卡片 700
701,E,E701,下单/会话恢复/风控
702,E,E052,迁移自旧卡片 702
703,E,E053,迁移自旧卡片 703
704,E,E054,迁移自旧卡片 704
705,E,E055,迁移自旧卡片 705
706,E,E056,迁移自旧卡片 706
707,E,E057,迁移自旧卡片 707
708,E,E058,迁移自旧卡片 708
709,E,E059,迁移自旧卡片 709
710,E,E060,迁移自旧卡片 710
711,E,E061,迁移自旧卡片 711
712,E,E062,迁移自旧卡片 712
713,E,E063,迁移自旧卡片 713
714,E,E064,迁移自旧卡片 714
715,E,E065,迁移自旧卡片 715
716,E,E066,迁移自旧卡片 716
717,E,E067,迁移自旧卡片 717
718,E,E068,迁移自旧卡片 718
719,E,E069,迁移自旧卡片 719
720,E,E070,迁移自旧卡片 720
721,E,E071,迁移自旧卡片 721
722,E,E072,迁移自旧卡片 722
723,E,E073,迁移自旧卡片 723
724,E,E074,迁移自旧卡片 724
725,E,E075,迁移自旧卡片 725
726,E,E076,迁移自旧卡片 726
727,E,E077,迁移自旧卡片 727
728,E,E078,迁移自旧卡片 728
729,E,E079,迁移自旧卡片 729
730,E,E080,迁移自旧卡片 730
731,E,E081,迁移自旧卡片 731
732,E,E082,迁移自旧卡片 732
733,E,E083,迁移自旧卡片 733
734,E,E084,迁移自旧卡片 734
735,E,E085,迁移自旧卡片 735
736,E,E086,迁移自旧卡片 736
737,E,E087,迁移自旧卡片 737
738,E,E088,迁移自旧卡片 738
739,E,E089,迁移自旧卡片 739
740,E,E090,迁移自旧卡片 740
741,E,E091,迁移自旧卡片 741
742,E,E092,迁移自旧卡片 742
743,E,E093,迁移自旧卡片 743
744,E,E094,迁移自旧卡片 744
745,E,E095,迁移自旧卡片 745
746,E,E096,迁移自旧卡片 746
747,E,E097,迁移自旧卡片 747
748,E,E098,迁移自旧卡片 748
749,E,E099,迁移自旧卡片 749
750,QA,QA750,迁移自旧卡片 750
751,QA,QA751,回测与 Paper 交易
752,QA,QA752,迁移自旧卡片 752
753,QA,QA753,迁移自旧卡片 753
754,QA,QA754,迁移自旧卡片 754
755,QA,QA755,迁移自旧卡片 755
756,QA,QA756,迁移自旧卡片 756
757,QA,QA757,迁移自旧卡片 757
758,QA,QA758,迁移自旧卡片 758
759,QA,QA759,迁移自旧卡片 759
760,QA,QA760,迁移自旧卡片 760
761,QA,QA761,迁移自旧卡片 761
762,QA,QA762,迁移自旧卡片 762
763,QA,QA763,迁移自旧卡片 763
764,QA,QA764,迁移自旧卡片 764
765,QA,QA765,迁移自旧卡片 765
766,QA,QA766,迁移自旧卡片 766
767,QA,QA767,迁移自旧卡片 767
768,QA,QA768,迁移自旧卡片 768
769,QA,QA769,迁移自旧卡片 769
770,QA,QA770,迁移自旧卡片 770
771,QA,QA771,迁移自旧卡片 771
772,QA,QA772,迁移自旧卡片 772
773,QA,QA773,迁移自旧卡片 773
774,QA,QA774,迁移自旧卡片 774
775,QA,QA775,迁移自旧卡片 775
776,QA,QA776,迁移自旧卡片 776
777,QA,QA777,迁移自旧卡片 777
778,QA,QA778,迁移自旧卡片 778
779,QA,QA779,迁移自旧卡片 779
780,QA,QA780,迁移自旧卡片 780
781,QA,QA781,迁移自旧卡片 781
782,QA,QA782,迁移自旧卡片 782
783,QA,QA783,迁移自旧卡片 783
784,QA,QA784,迁移自旧卡片 784
785,QA,QA785,迁移自旧卡片 785
786,QA,QA786,迁移自旧卡片 786
787,QA,QA787,迁移自旧卡片 787
788,QA,QA788,迁移自旧卡片 788
789,QA,QA789,迁移自旧卡片 789
790,QA,QA790,迁移自旧卡片 790
791,QA,QA791,迁移自旧卡片 791
792,QA,QA792,迁移自旧卡片 792
793,QA,QA793,迁移自旧卡片 793
794,QA,QA794,迁移自旧卡片 794
795,QA,QA795,迁移自旧卡片 795
796,QA,QA796,迁移自旧卡片 796
797,QA,QA797,迁移自旧卡片 797
798,QA,QA798,迁移自旧卡片 798
799,QA,QA799,迁移自旧卡片 799
800,QA,QA800,迁移自旧卡片 800
801,QA,QA801,观测面板 / 数据质量日报
802,QA,QA802,迁移自旧卡片 802
803,QA,QA803,迁移自旧卡片 803
804,QA,QA804,迁移自旧卡片 804
805,QA,QA805,迁移自旧卡片 805
806,QA,QA806,迁移自旧卡片 806
807,QA,QA807,迁移自旧卡片 807
808,QA,QA808,迁移自旧卡片 808
809,QA,QA809,迁移自旧卡片 809
810,QA,QA810,迁移自旧卡片 810
811,QA,QA811,迁移自旧卡片 811
812,QA,QA812,迁移自旧卡片 812
813,QA,QA813,迁移自旧卡片 813
814,QA,QA814,迁移自旧卡片 814
815,QA,QA815,迁移自旧卡片 815
816,QA,QA816,迁移自旧卡片 816
817,QA,QA817,迁移自旧卡片 817
818,QA,QA818,迁移自旧卡片 818
819,QA,QA819,迁移自旧卡片 819
820,QA,QA820,迁移自旧卡片 820
821,QA,QA821,迁移自旧卡片 821
822,QA,QA822,迁移自旧卡片 822
823,QA,QA823,迁移自旧卡片 823
824,QA,QA824,迁移自旧卡片 824
825,QA,QA825,迁移自旧卡片 825
826,QA,QA826,迁移自旧卡片 826
827,QA,QA827,迁移自旧卡片 827
828,QA,QA828,迁移自旧卡片 828
829,QA,QA829,迁移自旧卡片 829
830,UNK,UNK830,迁移自旧卡片 830
831,UNK,UNK831,迁移自旧卡片 831
832,UNK,UNK832,迁移自旧卡片 832
833,UNK,UNK833,迁移自旧卡片 833
860,QA,QA860,迁移自旧卡片 860
861,QA,QA861,README/ARCHITECTURE/VALIDATION
862,QA,QA862,迁移自旧卡片 862
863,QA,QA863,迁移自旧卡片 863
864,QA,QA864,迁移自旧卡片 864
865,QA,QA865,迁移自旧卡片 865
866,QA,QA866,迁移自旧卡片 866
867,QA,QA867,迁移自旧卡片 867
868,QA,QA868,迁移自旧卡片 868
869,QA,QA869,迁移自旧卡片 869
870,QA,QA870,迁移自旧卡片 870
871,QA,QA871,迁移自旧卡片 871
872,QA,QA872,迁移自旧卡片 872
873,QA,QA873,迁移自旧卡片 873
874,QA,QA874,迁移自旧卡片 874
875,QA,QA875,迁移自旧卡片 875
876,QA,QA876,迁移自旧卡片 876
877,QA,QA877,迁移自旧卡片 877
878,QA,QA878,迁移自旧卡片 878
879,QA,QA879,迁移自旧卡片 879
880,QA,QA880,迁移自旧卡片 880
881,QA,QA881,迁移自旧卡片 881
882,QA,QA882,迁移自旧卡片 882
883,QA,QA883,迁移自旧卡片 883
884,QA,QA884,迁移自旧卡片 884
885,QA,QA885,迁移自旧卡片 885
886,QA,QA886,迁移自旧卡片 886
887,QA,QA887,迁移自旧卡片 887
888,QA,QA888,迁移自旧卡片 888
889,QA,QA889,迁移自旧卡片 889
890,QA,QA890,迁移自旧卡片 890
891,QA,QA891,迁移自旧卡片 891
892,QA,QA892,迁移自旧卡片 892
893,QA,QA893,迁移自旧卡片 893
894,QA,QA894,迁移自旧卡片 894
895,QA,QA895,迁移自旧卡片 895
896,QA,QA896,迁移自旧卡片 896
897,QA,QA897,迁移自旧卡片 897
898,QA,QA898,迁移自旧卡片 898
899,QA,QA899,迁移自旧卡片 899
900,UNK,UNK900,迁移自旧卡片 900
901,UNK,UNK901,迁移自旧卡片 901
999,UNK,UNK999,迁移自旧卡片 999
