file,old_import,new_import
scripts/canary_switch_dryrun.py,orderflow_v6.seeding,execution.seeding
preprocessing/fetch_kline.py,orderflow_v6.seeding,execution.seeding
preprocessing/merge_to_features.py,orderflow_v6.seeding,execution.seeding
preprocessing/calibration.py,orderflow_v6.seeding,execution.seeding
validation/src/bar_continuity_report.py,orderflow_v6.seeding,execution.seeding
validation/src/precheck_costs.py,orderflow_v6.seeding,execution.seeding
validation/src/validate_outputs.py,orderflow_v6.seeding,execution.seeding
validation/src/make_labels.py,orderflow_v6.seeding,execution.seeding
validation/src/tick_quality_report.py,orderflow_v6.seeding,execution.seeding
