file,old_import,new_import,status,message
preprocessing\calibration.py,orderflow_v6.seeding,execution.seeding,skipped,file missing
preprocessing\fetch_kline.py,orderflow_v6.seeding,execution.seeding,skipped,file missing
preprocessing\merge_to_features.py,orderflow_v6.seeding,execution.seeding,skipped,file missing
scripts\canary_switch_dryrun.py,orderflow_v6.seeding,execution.seeding,skipped,file missing
validation\src\bar_continuity_report.py,orderflow_v6.seeding,execution.seeding,skipped,file missing
validation\src\make_labels.py,orderflow_v6.seeding,execution.seeding,skipped,file missing
validation\src\precheck_costs.py,orderflow_v6.seeding,execution.seeding,skipped,file missing
validation\src\tick_quality_report.py,orderflow_v6.seeding,execution.seeding,skipped,file missing
validation\src\validate_outputs.py,orderflow_v6.seeding,execution.seeding,skipped,file missing
